mean,scale,variance
4.220003168051772,0.3444791760124483,0.11866590270621535
